"decil","prob_media","tasa_obs","n"
1,0.00130402956473269,0.000545586808923375,16496
2,0.00735781608272943,0.00272793404461688,16496
3,0.0198093543063078,0.00885063045586809,16496
4,0.0405485666677333,0.0221871968962173,16496
5,0.0746727033440043,0.0464354995150339,16496
6,0.12802359861227,0.0892337536372454,16496
7,0.207424472202452,0.173678467507275,16496
8,0.321900446680924,0.318016488845781,16496
9,0.482345274469048,0.522672162948594,16496
10,0.730297972057117,0.817592143549951,16496
